Project,Platform,Post_Number,Content,Hashtags
AI Interview Grading,LinkedIn,1,"I spent 6 hours grading my friend's interview practice answers.

She was preparing for a Product Manager role and asked me to review her 45 STAR method responses.

By question 12, I was exhausted. My feedback was getting less detailed. She deserved better.

So I built an AI Interview Coach that does what took me 6 hours in 5 minutes.

Here's how it works:

âœ… Candidate types their answer in Google Sheets
âœ… AI grades it against STAR methodology (Situation, Task, Action, Result)
âœ… Provides detailed feedback on what's missing
âœ… Generates an improved version for learning
âœ… All scores and feedback tracked automatically

The best part? It's objective and consistent. No ""getting tired"" by question 40.

Real results from my friend:
â†’ Instant feedback on 45 questions in 5 minutes
â†’ Clear scores showing which answers need work
â†’ Improved versions to learn from
â†’ Complete practice history to track progress

She landed the PM role last month. Said the consistent practice with instant feedback was a game-changer.

If you're helping someone prep for interviews (or prepping yourself), you shouldn't have to choose between thoroughness and your time.

Automation can be your practice partner that never gets tired.

---
Built with: n8n + OpenAI + Google Sheets
Time to build: ~4 hours
Time saved per practice session: 6+ hours","#AutomationIdeas #AIAutomation #InterviewPrep #n8n #ProductivityHack #WorkflowAutomation #CareerDevelopment"
AI Interview Grading,Threads,1,"spent 6 hours grading my friend's interview answers last month

by question 12 i was exhausted and my feedback was getting worse

she deserved better so i built something","#Automation #AI"
AI Interview Grading,Threads,2,"here's what i built:

an AI interview coach that grades practice answers using STAR method

â€¢ reads answers from google sheets
â€¢ grades each one (situation, task, action, result)
â€¢ gives detailed feedback
â€¢ generates improved versions
â€¢ tracks everything automatically","#InterviewPrep #NoCode"
AI Interview Grading,Threads,3,"what took me 6 hours now takes 5 minutes

and it's consistent. no ""getting tired"" by question 40

my friend used it to prep for a PM role. practiced 45 questions with instant feedback

she got the job last month ðŸŽ‰","#CareerGrowth #Productivity"
AI Interview Grading,Threads,4,"the best part? it's objective

same quality feedback for question 1 and question 45

if you're prepping for interviews, you need a practice partner that never gets tired

that's what automation is for","#AITools #WorkSmarter"
AI Email Draft Generator,LinkedIn,1,"I was drowning in 40+ emails every single day.

Each one needed a thoughtful, professional response. But by 3 PM, I was burnt out and my replies were getting shorter and less helpful.

My inbox became my full-time job.

Then I realized: I was spending 3 hours daily writing emails that followed the same patterns.

So I built an AI Email Assistant that drafts my responses while I focus on actual work.

Here's the workflow:

âœ… Runs every hour automatically
âœ… Checks 3 Outlook folders for emails needing replies
âœ… AI reads each email and understands context
âœ… Generates professional draft response
âœ… Saves draft in Outlook for my review
âœ… Moves original to organized folder

What changed:

Before: 3 hours daily writing emails, stressed by 3 PM
After: 15 minutes reviewing/editing drafts, energy for real work

The AI doesn't replace me - it gives me back my time.

I still review every draft. Sometimes I edit, sometimes I send as-is. But I'm not starting from a blank screen 40 times a day.

Real impact:
â†’ 2-3 hours saved daily (that's 12+ hours per week)
â†’ Consistent professional tone across all emails
â†’ Never miss an email that needs response
â†’ More energy for strategic work

The best automation doesn't do your job. It removes the repetitive parts so you can do your job better.

---
Built with: n8n + Microsoft Outlook + OpenAI GPT-4o
Setup time: ~3 hours
Time saved weekly: 12+ hours","#EmailAutomation #ProductivityHack #AIAutomation #n8n #WorkflowAutomation #TimeManagement #WorkSmarterNotHarder"
AI Email Draft Generator,Threads,1,"i was spending 3 hours EVERY DAY writing emails

40+ emails. all needing thoughtful replies. by 3pm i was done

my inbox became my full-time job","#Productivity #EmailOverload"
AI Email Draft Generator,Threads,2,"then i automated it

built an AI assistant that drafts my email responses:

â€¢ runs every hour
â€¢ reads emails from 3 folders
â€¢ understands context with GPT-4o
â€¢ writes professional draft
â€¢ saves it for my review
â€¢ organizes everything","#Automation #AI"
AI Email Draft Generator,Threads,3,"now i spend 15 minutes reviewing drafts instead of 3 hours writing from scratch

i still review everything. sometimes edit, sometimes send as-is

but i'm not starting from blank 40 times a day","#WorkSmarterNotHarder #AITools"
AI Email Draft Generator,Threads,4,"the results:

2-3 hours saved DAILY
that's 12+ hours per week back

consistent professional tone
never miss emails
more energy for real work

best automation doesn't replace you. it removes the repetitive stuff so you can focus on what matters","#ProductivityTips #NoCode"
Pending Invoice Reminder,LinkedIn,1,"My client was losing $8,000/month because customers simply... forgot to pay.

Not refusing to pay. Not disputing invoices. Just forgetting.

She was manually sending payment reminders every week, but it was inconsistent. Some customers got 3 reminders, others got none.

The problem wasn't the customers. It was the process.

So we built an automated invoice reminder system that runs while she sleeps.

Here's what happens every morning at 9 AM:

âœ… System checks all pending invoices in Google Sheets
âœ… Filters for customers who haven't been reminded yet
âœ… Generates personalized email with customer name, amount, and payment link
âœ… Sends friendly reminder via Gmail
âœ… Updates spreadsheet to track which reminders were sent
âœ… Never sends duplicate reminders

The reminders are warm and professional - reflecting the brand voice, not robotic ""pay us now"" messages.

Results after 60 days:

â†’ Average payment time dropped from 45 to 23 days
â†’ $8,000+ in previously ""forgotten"" payments collected
â†’ 5 hours weekly saved on manual follow-ups
â†’ 0 duplicate reminders sent
â†’ Improved customer relationships (they appreciate the gentle reminder)

The best part? She hasn't manually sent an invoice reminder in 2 months.

Your cash flow problems might not be customer issues. Sometimes it's just a process problem.

And process problems? Those can be automated.

---
Built with: Zapier + Google Sheets + Gmail
Setup time: 2 hours
Monthly impact: $8,000+ in faster payments","#CashFlowManagement #BusinessAutomation #InvoiceManagement #SmallBusinessTips #Zapier #FinanceAutomation #WorkflowOptimization"
Pending Invoice Reminder,Threads,1,"my client was losing $8k/month

not because customers refused to pay

because they FORGOT","#SmallBusiness #Cashflow"
Pending Invoice Reminder,Threads,2,"she was manually sending reminders but it was chaos

some customers got 3 reminders
others got none

so we automated the whole thing","#Automation #FinanceAutomation"
Pending Invoice Reminder,Threads,3,"now every morning at 9am:

â€¢ checks pending invoices in google sheets
â€¢ finds customers not reminded yet
â€¢ sends personalized email (name, amount, payment link)
â€¢ updates tracking so no duplicates
â€¢ all automatic","#Zapier #WorkflowAutomation"
Pending Invoice Reminder,Threads,4,"results after 60 days:

payment time: 45 days â†’ 23 days
$8k+ collected that was ""forgotten""
5 hours/week saved
zero duplicate reminders

she hasn't manually sent a reminder in 2 months","#BusinessGrowth #ProductivityWins"
Pending Invoice Reminder,Threads,5,"your cash flow problem might not be customer problem

it might just be a process problem

and process problems can be automated","#SmallBusinessTips #Entrepreneurship"
Instagram Auto DM,LinkedIn,1,"127 people commented on my client's Instagram post last Tuesday.

By the time she manually DM'd the first 8 people (3 hours later), 119 of them had already forgotten about her offer.

Cold leads. Wasted opportunity. Lost revenue.

She asked me: ""How do I turn Instagram comments into actual bookings without spending 12 hours a day in DMs?""

So we built an Instagram Auto DM system that does the heavy lifting while she focuses on content.

Here's what happens automatically:

âœ… Someone comments on her post
âœ… System likes their comment instantly (social proof + engagement boost)
âœ… Sends personalized DM within seconds (""Hey [Name], loved your comment!"")
âœ… Asks qualifying questions through interactive conversation
âœ… Identifies genuinely interested prospects vs. casual browsers
âœ… Sends booking link ONLY to qualified leads
âœ… Works 24/7 for both Instagram AND Facebook comments

The transformation was immediate.

Before automation:
â†’ Manually DM'ing 10-15 people took 4 hours
â†’ Response rate: 12% (leads went cold waiting)
â†’ Booking rate: 3% (unqualified leads wasting time)
â†’ Stressed, overwhelmed, couldn't scale

After automation:
â†’ 127 comments = 127 instant responses
â†’ Response rate: 67% (strike while iron is hot)
â†’ Booking rate: 28% (only qualified leads get the link)
â†’ She focuses on content, system handles conversations
â†’ Saves 10-15 hours weekly

Best part? The leads LOVE it.

""Wow, that was fast!"" is now her most common first reply.

Fast response = higher perceived value = more bookings.

Your Instagram comments aren't just engagement metrics. They're hot leads waiting to be converted.

But only if you respond while they're still hot.

---
Built with: GoHighLevel
Setup time: ~6 hours
Weekly time saved: 10-15 hours
Booking rate increase: 3% â†’ 28%","#InstagramMarketing #LeadGeneration #SocialMediaAutomation #GoHighLevel #DMAutomation #SmallBusinessGrowth #MarketingAutomation"
Instagram Auto DM,Threads,1,"127 people commented on my client's instagram post last tuesday

by the time she manually DM'd the first 8 people (3 hours later)

119 of them forgot about her offer","#InstagramMarketing #SocialMedia"
Instagram Auto DM,Threads,2,"cold leads. wasted opportunity. lost money.

she asked: ""how do i turn comments into bookings without living in my DMs?""

so we automated it","#Automation #LeadGen"
Instagram Auto DM,Threads,3,"now when someone comments:

â€¢ system likes it instantly
â€¢ sends personalized DM in seconds
â€¢ asks qualifying questions
â€¢ has actual conversation
â€¢ identifies real buyers vs browsers
â€¢ sends booking link to qualified leads only","#GoHighLevel #MarketingAutomation"
Instagram Auto DM,Threads,4,"works 24/7 for instagram AND facebook

handles 127 comments with same effort as 1

no copy paste
no manual typing
no missing people","#SocialMediaMarketing #ScaleYourBusiness"
Instagram Auto DM,Threads,5,"the results:

before: 12% response rate, 3% bookings
after: 67% response rate, 28% bookings

saves 10-15 hours every week

leads say ""wow that was fast!""

fast response = higher perceived value = more bookings","#SmallBusiness #GrowthHack"
Instagram Auto DM,Threads,6,"your instagram comments aren't just engagement metrics

they're hot leads waiting to be converted

but only if you respond while they're still hot

that's where automation wins","#BusinessTips #DigitalMarketing"
