Name,Date,Featured,Service,Tag,Text
Multiple Lead Magnet Automation(WP-ActiveCampaign),,Yes,Lead Automation,activecampaign,This is a lead magnet automation that delivers requested content while simultaneously segmenting contacts based on their interests and behaviors for future marketing campaigns.
(n8n) Automated Lead Follow-up System,,Yes,Lead Automation,n8n,"This automated Lead Follow-Up System is a flexible automation template designed to handle one of the most critical aspects of business: consistent and timely follow-up with your potential customers! "
Shopify Liquid Customizations,,No,Lead Generation,Shopify,Shopify customizations to improve lead generation
Shopify Customization: Show Retail & Trade Pricing for Approved Customers,,No,Ecommerce Support,Shopify,Shopify customizations to fit your needs
(make) Intelligent Telegram Customer Service Chatbot,,No,AI Chatbot,telegram,Telegram chatbot as a smart customer service solution.
Website Engagement & Nurturing Automations,,No,Lead Automation,ActiveCampaign,3 powerful CRM automations we can do to nurture and track your leads engagement
(n8n) Seamless Calendar: Telegram Booking Assistant for Service Businesses,"July 6, 2025",No,AI Chatbot,n8n,Booking assistant via Telegram
Automated a Shopify Giveaway with Social Boost and ActiveCampaign(CRM),,No,,Shopify,I planned and executed a fully automated giveaway for a Shopify store using the Social Boost app.
(n8n) X post generator and publisher,,No,Social media content generation,n8n,n8n automation that will generate and publish content to your X account!
(n8n) Custom AI Customer and Order support chatbot,,No,AI Chatbot,n8n,"Developed an intelligent customer service chatbot for a Shopify store using n8n workflow automation, integrating Google Gemini AI to provide personalized customer support."
(n8n) Google Maps Scraper,,No,Lead Generation,n8n,"Built an automated data extraction system that scrapes business information from Google Maps using n8n workflow automation, with integrated data processing and Google Sheets storage."
Client Onboarding Automation Workflow,,No,Client onboarding,"n8n, make.com, telegram, googlesuite",Automate your client onboarding!
RSS-to-Multi-Platform Content Automation,,No,Social media content generation,"RSSFeed,",Built automated content creation system using http://make.com/ that monitors an RSS feed and generates platform-specific social media content.